{
    "$schema": "https://schema.management.azure.com/schemas/2019-04-01/deploymentTemplate.json#",
    "contentVersion": "1.0.0.0",
    "parameters": {
        "location": {
            "type": "string",
            "defaultValue": "[resourceGroup().location]",
            "metadata": {
                "description": "Select the Azure region for the resources"
            }
        }
    },
    "variables": {
        "storageAccountName": "[toLower(concat('sa', '-', uniquestring(resourceGroup().name)))]"
    },
    "resources": [
        {
            "type": "Microsoft.Storage/storageAccounts",
            "apiVersion": "2019-06-01",
            "name": "[variables('storageAccountName')]",
            "location": "[parameters('location')]",
            "sku": {
                "name": "Standard_LRS"
            },
            "kind": "Storage"
        }
    ],
    "outputs": {}
}