{
    "$schema": "https://schema.management.azure.com/schemas/2019-08-01/tenantDeploymentTemplate.json#",
    "contentVersion": "1.0.0.0",
    "parameters": {
        "enterpriseScaleCompanyPrefix": {
            "type": "string",
            "maxLength": 10,
            "metadata": {
                "description": "Provide a prefix (max 10 characters, unique at tenant-scope) for the Management Group hierarchy and other resources created as part of Enterprise-scale."
            }
        }
    },
    "variables": {
        "deploymentUris": {
            "managementGroups": "[uri(deployment().properties.templateLink.uri, 'nestedtemplates/mgmtGroups.json')]"
            // "strgAccounts": "[uri(deployment().properties.templateLink.uri, 'nestedtemplates/strgAccounts.json')]"
        }
        ,
        "deploymentNames": {
            "mgmtGroupDeploymentName": "[take(concat('EntScale-Foundational-Mgs', '-' , guid(parameters('enterpriseScaleCompanyPrefix'))), 64)]"
        }
    },
    "resources": [
        {
            "type": "Microsoft.Resources/deployments",
            "apiVersion": "2019-10-01",
            "name": "[variables('deploymentNames').mgmtGroupDeploymentName]",
            "properties": {
                "mode": "Incremental",
                "templateLink": {
                    "contentVersion": "1.0.0.0",
                    "uri": "[variables('deploymentUris').managementGroups]"
                },
                "parameters": {
                    "topLevelManagementGroupPrefix": {
                        "value": "[parameters('enterpriseScaleCompanyPrefix')]"
                    }
                }
            }
        }
        // ,
        // {
        //     "type": "Microsoft.Resources/deployments",
        //     "apiVersion": "2019-10-01",
        //     "name": "[parameters('enterpriseScaleCompanyPrefix')]",
        //     "properties": {
        //         "mode": "Incremental",
        //         "templateLink": {
        //             "contentVersion": "1.0.0.0",
        //             "uri": "[variables('deploymentUris').strgAccounts]"
        //         }
        //     }
        // }
    ],
    "outputs": {
        "deployment": {
            "type": "string",
            "value": "[concat(deployment().name, ' has successfully deployed. Welcome to Enterprise-Scale!')]"
        }
    }
}