{
    "$schema": "https://schema.management.azure.com/schemas/2019-08-01/tenantDeploymentTemplate.json#",
    "contentVersion": "1.0.0.0",
    "parameters": {
        "enterpriseScaleCompanyPrefix": {
            "type": "string",
            "maxLength": 10,
            "metadata": {
                "description": "Provide a prefix (max 10 characters, unique at tenant-scope) for the Management Group hierarchy and other resources created as part of Enterprise-scale."
            }
        }
    },
    "variables": {
        "deploymentUris": {
            "managementGroups": "[uri(deployment().properties.templateLink.uri, 'templates/mgmtGroups.json')]"
   },
        "deploymentNames": {
            "mgmtGroupDeploymentName": "[take(concat('EntScale-Foundational-Mgs', '-', deployment().location, guid(parameters('enterpriseScaleCompanyPrefix'))), 64)]"
        }
    },
    "resources": [
        {
            "type": "Microsoft.Resources/deployments",
            "apiVersion": "2019-10-01",
            "name": "[variables('deploymentNames').mgmtGroupDeploymentName]",
            "location": "[deployment().location]",
            "properties": {
                "mode": "Incremental",
                "templateLink": {
                    "contentVersion": "1.0.0.0",
                    "uri": "[variables('deploymentUris').managementGroups]"
                },
                "parameters": {
                    "topLevelManagementGroupPrefix": {
                        "value": "[parameters('enterpriseScaleCompanyPrefix')]"
                    }
                }
            }
        }
    ],
    "outputs": {
        "deployment": {
            "type": "string",
            "value": "[concat(deployment().name, ' has successfully deployed. Welcome to Enterprise-Scale!')]"
        }
    }
}